Glenmorangie Nectar D'Or 750ML*Rs. 8,080
Glenmorangie Original 10yrs 750ML*Rs. 7,130
Glenmorangie Quinta Ruban 750ML*Rs. 11,200
Golden Oak 750ML*Rs. 800
Grant's 1L*Rs. 4,400
Grant's 750ML*Rs. 3,670
Haig Gold Label 1L*Rs. 4,725
Hibiki Suntory Harmony 700ML*Rs. 13,500
J&B Rare 1L*Rs. 4,680
Jack Daniel's 375ML*Rs. 2,425
Chivas Regal 12yrs 750ML*Rs. 5,190
Chivas Regal 18yrs 1L*Rs. 13,200
Chivas Regal 18yrs 750ML*Rs. 9,500
Chivas Regal 25yrs 700ML*Rs. 36,000
Chivas Regal Extra 1L*Rs. 7,500
Chivas Regal Ultis 750ML*Rs. 23,500
Chivas Regal XV 15yrs 1L*Rs. 10,200
Clynelish 14yrs 750ML*Rs. 7,000
Dewar's 12yrs 1L*Rs. 5,960
Dimple Deluxe 15yrs 1L*Rs. 7,800
Glen Elgin 12yrs 750ML*Rs. 6,980
Glenfiddich 12yrs 750ML*Rs. 6,200
Glenfiddich 15yrs 1L*Rs. 10,020
Glenfiddich 15yrs 750ML*Rs. 8,860
Glenfiddich 18yrs 700ML*Rs. 12,355
Glenfiddich 19yrs 700ML*Rs. 18,830
Glenfiddich 21yrs 700ML*Rs. 23,165
Glenfiddich 26yrs 700ML*Rs. 55,500
Glenkinchie 12yrs 750ML*Rs. 6,420
Glenmorangie Lasanta 750ML*Rs. 8,380
Emperor 24 Carat 750ML*Rs. 1,200
Old Durbar Reserve 1L*Rs. 2,700
McDowell's Signature Premier Grain 1L*Rs. 2,200
Chivas Regal 12yrs 1L*Rs. 6,500
Johnnie Walker Double Black 1L*Rs. 7,400
Jack Daniel's 1L*Rs. 5,860
Dewar's White Label 1L*Rs. 4,630
Jameson 1L*Rs. 5,320
Glenfiddich 12yrs 1L*Rs. 7,840
The Glenlivet 12yrs 1L*Rs. 7,700
Teacher's 1L*Rs. 4,800
Ballantine's Finest 1L*Rs. 4,980
100 Pipers 1L*Rs. 4,320
100 Pipers 750ML*Rs. 3,100
Aberlour 12yrs 1L*Rs. 9,700
Aberlour 18yrs 700ML*Rs. 20,500
AC Black 750ML*Rs. 1,000
Antiquity Blue 750ML*Rs. 1,980
Ardbeg 10yrs 700ML*Rs. 7,900
Ardmore 1L*Rs. 9,080
Jack Daniel's 3L*Rs. 18,880
Jack Daniel's 500ML*Rs. 3,195
Jack Daniel's 750ML*Rs. 4,600
Jack Daniel's Fire 750ML*Rs. 4,765
Jack Daniel's Gentleman Jack 750ML*Rs. 5,220
Jack Daniel's Honey 1L*Rs. 6,315
Jack Daniel's Honey 700ML*Rs. 4,800
Jack Daniel's No. 27 Gold Label 700ML*Rs. 12,430
Jack Daniel's Sinatra Select 1L*Rs. 23,500
Jack Daniel's Single Barrel 750ML*Rs. 6,875
Bowmore 15yrs 700ML*Rs. 10,970
Bowmore 18yrs 700ML*Rs. 14,240
Bushmills Irish Black Bush 700ML*Rs. 5,200
Bushmills Irish Original 1L*Rs. 5,475
Bushmills Irish Single Malt 10yrs 700ML*Rs. 5,850
Canadian Club 1L*Rs. 4,530
Caol Ila 12yrs 750ML*Rs. 7,430
Cardhu Malt 12yrs 1L*Rs. 8,000
Chivas Regal 12yrs 4.5L*Rs. 30,000
Chivas Regal 12yrs 500ML*Rs. 3,500
Ballantine's 12yrs 1L*Rs. 6,650
Ballantine's 17yrs 750ML*Rs. 9,250
Ballantine's 21yrs 700ML*Rs. 16,200
Ballantine's Finest 2L*Rs. 10,500
Ballantine's Finest 3L*Rs. 16,500
Ballantine's Finest 500ML*Rs. 2,680
Ballantine's Finest 750ML*Rs. 3,990
Black & White 1L*Rs. 4,660
Black Oak 750ML*Rs. 1,000
Blenders Pride 750ML*Rs. 1,400
Johnnie Walker Black Label 750ML*Rs. 5,280
Johnnie Walker Black Label Sherry Edition 1L*Rs. 7,000
Johnnie Walker Blue Label 1L*Rs. 28,000
Johnnie Walker Blue Label 750ML*Rs. 23,150
Johnnie Walker Blue Label Nepal Edition 1L*Rs. 28,515
Johnnie Walker Double Black 750ML*Rs. 5,850
Johnnie Walker Gold Label 750ML*Rs. 7,630
Johnnie Walker Green Label 1L*Rs. 8,900
Johnnie Walker Green Label 750ML*Rs. 6,850
Johnnie Walker Odyssey 700ML*Rs. 125,700
Laphroaig Quarter Cask 700ML*Rs. 7,970
Longmorn 16yrs 700ML*Rs. 11,500
Maker's Mark 1L*Rs. 7,980
Master Selection 750ML*Rs. 2,900
McDowell's No.1 1L*Rs. 1,700
McDowell's No.1 750ML*Rs. 1,400
McDowell's Signature Premier Grain 750ML*Rs. 1,800
Monkey Shoulder 1L*Rs. 7,460
Monkey Shoulder 1L with Cage*Rs. 7,960
Old Durbar Black Chimney 1L*Rs. 3,700
Johnnie Walker Platinum Label 1L*Rs. 11,500
Johnnie Walker Platinum Label 750ML*Rs. 9,100
Johnnie Walker Red Label 1.75L*Rs. 8,850
Johnnie Walker Red Label 1L*Rs. 5,030
Johnnie Walker Red Label 375ML*Rs. 1,855
Johnnie Walker Red Label 750ML*Rs. 4,000
Johnnie Walker Swing 750ML*Rs. 6,975
Johnnie Walker White Walker 750ML*Rs. 5,400
Johnnie Walker XR 750ML*Rs. 15,200
Laphroaig 10yrs 1L*Rs. 10,220
Royal Stag 750ML*Rs. 1,100
Royal Treasure 750ML*Rs. 1,450
Singleton 12yrs 700ML*Rs. 6,000
Singleton 15yrs 700ML*Rs. 8,000
Singleton Signature 700ML*Rs. 5,950
Strathisla 12yrs 1L*Rs. 7,050
Suntory Old Whisky 700ML*Rs. 5,600
Talisker 10yrs 750ML*Rs. 7,550
Talisker 25yrs 700ML*Rs. 64,600
Talisker Storm 700ML*Rs. 7,200
Old Durbar Black Chimney 750ML*Rs. 2,850
Old Durbar Reserve 750ML*Rs. 2,080
Old Forester 750ML*Rs. 1,470
Passport Scotch 1L*Rs. 4,130
Passport Scotch 750ML*Rs. 3,110
Rockfort 750ML*Rs. 1,800
Royal Challenge 750ML*Rs. 1,495
Royal Salute 21yrs 1L*Rs. 26,000
Royal Salute 21yrs 700ML*Rs. 18,200
Royal Salute 38yrs Stone of Destiny 700ML*Rs. 80,000
Teacher's 750ML*Rs. 3,770
Teacher's Origin 1L*Rs. 5,470
Teacher's Single Malt 1L*Rs. 5,800
The Balvenie Caribbean Cask 14yrs 700ML*Rs. 11,575
The Balvenie Doublewood 12yrs 700ML*Rs. 8,230
The Balvenie Doublewood 17yrs 700ML*Rs. 20,180
The Glenlivet 12yrs 750ML*Rs. 5,600
The Glenlivet 15yrs 1L*Rs. 11,700
The Glenlivet 15yrs 700ML*Rs. 8,290
The Glenlivet 18yrs 1L*Rs. 17,500
Jameson 750ML*Rs. 4,250
Jim Beam Black 1L*Rs. 5,070
Jim Beam White 1L*Rs. 6,145
Jim Beam White 4.5L*Rs. 20,350
Johnnie Walker 18yrs 1L*Rs. 11,500
Johnnie Walker 18yrs 750ML*Rs. 9,100
Johnnie Walker Black Label 1.75L*Rs. 12,000
Johnnie Walker Black Label 1L*Rs. 6,370
Johnnie Walker Black Label 375ML*Rs. 2,735
Johnnie Walker Black Label 3L*Rs. 20,400
The Glenlivet 21yrs 700ML*Rs. 23,500
The Glenlivet 25yrs XXV 700ML*Rs. 50,000
The Glenlivet Founder's Reserve 1L*Rs. 7,000
The Himalayan Reserve 750ML*Rs. 2,800
Tullamore Dew Irish 1L*Rs. 6,140
Tullamore DEW Irish 700ML*Rs. 4,400
Tullamore DEW Malt 10yrs 700ML*Rs. 5,440
VAT 69 1L*Rs. 4,400
VAT 69 375ML*Rs. 1,595
VAT 69 750ML*Rs. 3,430
White Horse 1L*Rs. 4,200
White Horse 750ML*Rs. 3,200
Woodford Reserve 750ML*Rs. 6,090
Yamazakura Fine Blended 700ML*Rs. 4,950
Officer's Choice Blue 750ML*Rs. 1,270
Chivas Regal 12yrs 2L*Rs. 12,420
McDowell's Signature Rare Aged 1L*Rs. 2,100
McDowell's Signature Rare Aged 750ML*Rs. 1,700
Eristoff 750ML*Rs. 1,550
Ruslan Ultra 750ML*Rs. 1,750
8848 Vodka 750ML*Rs. 1,525
Grey Goose 1L*Rs. 7,600
Absolut Blue 1L*Rs. 4,850
Smirnoff Red 1L*Rs. 4,220
Smirnoff Gold 1L*Rs. 6,150
Ciroc 750ML*Rs. 5,300
Belvedere Citrus 700ML*Rs. 5,665
Finlandia Cranberry 750ML*Rs. 3,100
Fashion Vodka Premium Collection 1L*Rs. 2,585
Absolut Apple 1L*Rs. 4,950
Absolut Berri Acai 1L*Rs. 4,950
Absolut Citron 1L*Rs. 4,950
Absolut Elyx 1L*Rs. 6,550
Absolut Kurant 1L*Rs. 4,950
Absolut Mandrin 1L*Rs. 4,950
Absolut Mango 1L*Rs. 4,950
Absolut Pears 1L*Rs. 4,950
Absolut Peppar 1L*Rs. 4,950
Absolut Raspberri 1L*Rs. 4,950
Absolut Ruby Red 1L*Rs. 4,950
Absolut Vanilia 1L*Rs. 4,950
Belvedere Orange 700ML*Rs. 5,665
Belvedere Pure 700ML*Rs. 5,340
Excellence 750ML*Rs. 1,200
Finlandia Grapefruit 750ML*Rs. 2,810
Finlandia Lime 750ML*Rs. 2,810
Finlandia Mango 750ML*Rs. 2,810
Finlandia Regular 750ML*Rs. 3,100
Grey Goose 750ML*Rs. 6,080
Ruslan Gold 750ML*Rs. 2,150
Skyy Original 1L*Rs. 4,600
Smirnoff Black 1L*Rs. 4,550
Smirnoff Blue 1L*Rs. 4,500
Smirnoff Blueberry 750ML*Rs. 3,090
Smirnoff Citrus 750ML*Rs. 3,090
Smirnoff Cranberry 750ML*Rs. 3,090
Smirnoff Green Apple 750ML*Rs. 3,090
Smirnoff Orange 750ML*Rs. 3,090
Smirnoff Peach 750ML*Rs. 3,090
Smirnoff Red 375ML*Rs. 1,700
Smirnoff Red 750ML*Rs. 3,065
Smirnoff Vanilla 750ML*Rs. 3,090
White Mischief 750ML*Rs. 1,140
Absolut Apeach 1L*Rs. 5,250
Absolut Blue 750ML*Rs. 3,900
Ruslan 750ML*Rs. 1,450
Bombay Sapphire 1L*Rs. 5,400
Snowman Gin 750ML*Rs. 1,590
Beefeater 1L*Rs. 5,420
Hendrick's Gin 700ML*Rs. 5,760
Tanqueray 1L*Rs. 5,725
Gordon's 1L*Rs. 4,500
Larios Dry Gin 1L*Rs. 3,910
Gilbey's 1L*Rs. 4,250
Vogue Gin 750ML*Rs. 1,300
Beefeater 24 1L*Rs. 6,900
Beefeater 750ML*Rs. 3,550
Blue Diamond 750ML*Rs. 800
Bottega Bacur Distilled Dry Gin 700ML*Rs. 3,850
Bulldog 750ML*Rs. 4,590
Gordon's 375ML*Rs. 2,015
Bacardi Black 750ML*Rs. 1,500
Bacardi Superior 750ML*Rs. 1,700
Khukri XXX Rum 750ML*Rs. 1,480
Khukri Coronation 375ML*Rs. 1,750
Old Monk XXX 750ML*Rs. 1,450
Captain Morgan Black 1L*Rs. 4,700
Captain Morgan Spiced Gold 1L*Rs. 4,460
Sailor Jerry Spiced 700ML*Rs. 4,280
Havana Club 3yrs White 1L*Rs. 4,590
Havana Club 7yrs Black 1L*Rs. 5,840
Malibu 1L*Rs. 5,300
Bacardi Apple 750ML*Rs. 1,300
Bacardi Black 1L*Rs. 3,350
Bacardi Limon 750ML*Rs. 1,550
Bacardi Orange 750ML*Rs. 1,300
Grand Master XXX 750ML*Rs. 1,450
Bacardi Gold 1L*Rs. 3,350
Camus XO 1L*Rs. 23,650
Courvoisier VSOP 700ML with Decanter*Rs. 6,960
Grandial XO 700ML*Rs. 3,750
Hennessy VS 700ML*Rs. 6,260
Hennessy XO 700ML*Rs. 32,335
Le Cuvier Napoleon VSOP 1L*Rs. 4,850
Martell VSOP 1L*Rs. 12,000
Martell XO 1L*Rs. 40,000
Bardinet French Napoleon VSOP 1L*Rs. 3,450
Camus VSOP 1L*Rs. 10,835
Courvoisier Napoleon 750ML*Rs. 9,760
Courvoisier VS 1L*Rs. 7,355
Courvoisier VS 350ML with Flask*Rs. 2,670
Courvoisier VS 500ML*Rs. 4,220
Courvoisier VSOP 1L*Rs. 7,390
Courvoisier VSOP 500ML*Rs. 3,790
E&J VSOP 1L*Rs. 4,340
Fundador 1L*Rs. 3,910
Hennessy VSOP 700ML*Rs. 10,500
Martell VS 1L*Rs. 8,500
Martell XO 700ML*Rs. 28,100
Cointreau Orange Liqueur 1L*Rs. 7,000
Drambuie Scotch Whisky Liqueur 1L*Rs. 7,280
Martini Extra Dry 1L*Rs. 1,780
Baileys Original 1L*Rs. 5,400
Vert & Vif Absinthe 700ML*Rs. 5,780
Chum Churum Soju Original 360ML*Rs. 670
Le Favori Triple Sec 700ML*Rs. 3,900
Thoquino Cachaca 1L*Rs. 4,130
Archers Peach Schnapps 1L*Rs. 4,780
Vaccari Sambuca 700ML*Rs. 5,440
Harveys Bristol Cream Sherry 1L*Rs. 3,540
Disaronno Originale Amaretto 1L*Rs. 8,300
Benedictine Liqueur 1L*Rs. 8,500
Amarula Cream Liqueur 1L*Rs. 3,770
Benedictine Liqueur 500ML*Rs. 3,700
Campari Bitter 1L*Rs. 5,150
Jagermeister 750ML*Rs. 4,370
Kahlua Coffee Liqueur 1L*Rs. 5,450
Martini Bianco 1L*Rs. 1,780
Martini Rosso 1L*Rs. 1,780
Pernod Anies 1L*Rs. 5,000
Pimm's Original 1L*Rs. 5,475
Ricard Anies 1L*Rs. 5,600
Seoul Jangsoo Chhyang 750ML*Rs. 350
Seoul Jangsoo Chhyang Can 500ML*Rs. 200
Southern Comfort 1L*Rs. 4,040
Camino Real Silver 750ML*Rs. 3,800
Camino Real Gold 750ML*Rs. 3,800
Sierra Cafe 700ML*Rs. 3,825
Jose Cuervo Silver 750ML*Rs. 4,100
Jose Cuervo Gold 750ML*Rs. 4,325
Sauza Silver 1L*Rs. 5,900
Sauza Gold 1L*Rs. 5,900
Agavita Gold 700ML*Rs. 3,625
Agavita Silver 700ML*Rs. 3,625
Olmeca Gold 750ML*Rs. 4,000
Olmeca Silver 750ML*Rs. 3,830
Pepe Lopez Gold 1L*Rs. 4,725
Pepe Lopez Silver 1L*Rs. 4,725
Campo Viejo Rioja Reserva 750ML*Rs. 2,750
Bottega Amarone Della Valpolicella DOCG 750ML*Rs. 6,340
Yellow Tail Sangria 750ML*Rs. 1,390
Robertson Winery Sweet Red 750ML*Rs. 1,030
Hinwa Sweet Red 750ML*Rs. 450
King's Hill Sweet Red 750ML*Rs. 580
JP Chenet Sweet Red 750ML*Rs. 1,325
Jacob's Creek Merlot 750ML*Rs. 1,400
Prince Laurent Champagne 750ML*Rs. 4,200
Hardys Stamp Sweet Red 750ML*Rs. 1,300
Berri Estates Shiraz 750ML*Rs. 1,175
Bordeaux Chateau De Gourd 750ML*Rs. 1,350
Bordeaux Chateau Le Bourdiley 750ML*Rs. 1,350
Bottega Acino Chianti Classico DOCG 750ML*Rs. 2,930
Bottega Acino Chianti Classico Riserva DOCG 750ML*Rs. 3,640
Bottega Acino Chianti DOCG 750ML*Rs. 1,870
Bottega Brunello Di Montalcino DOCG 750ML*Rs. 6,520
Bottega Cabernet Sauvignon IGT Trevenezie 750ML*Rs. 1,625
Bottega Chardonnay IGT Trevenezie 750ML*Rs. 1,625
Bottega Fragolino Rosso Party 750ML*Rs. 1,625
Jacob's Creek Sparkling Rose 750ML*Rs. 1,970
Lindeman's Bin 35 Rose 750ML*Rs. 1,600
Tamburlaine Wine Lovers Scarlett Bubbles 750ML*Rs. 1,530
Calvet Rose D'Anjou 750ML*Rs. 1,450
4th Street Sweet Red 5L*Rs. 6,100
4th Street Sweet White 5L*Rs. 6,100
Andre Rose Sparkling 750ML*Rs. 1,755
Banrock Station Chardonnay 750ML*Rs. 1,470
Banrock Station Merlot 750ML*Rs. 1,470
Baron d'Arignac Brut Sparkling 750ML*Rs. 1,225
Bottega Gold Prosecco DOC Spumante 750ML*Rs. 3,870
Bottega Merlot IGT Trevenezie 750ML*Rs. 1,610
Bottega Millesimato Spumante Brut 750ML*Rs. 1,660
Bottega Petalo Moscato Spumante Dolce 750ML*Rs. 1,995
Bottega Pinot Grigio Venezia DOC 750ML*Rs. 1,730
Bottega Prosecco DOC Spumante 750ML*Rs. 2,120
Bottega Prosecco DOC Spumante Extra Dry 750ML*Rs. 2,120
Bottega Rose Gold Spumante 750ML*Rs. 3,870
Bottega Soave Classico DOC 750ML*Rs. 1,960
Bottega Stardust Prosecco DOC Spumante Dry 750ML*Rs. 10,490
Calvet Pouilly Fuisse 750ML*Rs. 2,850
Calvet Reserve Medoc 750ML*Rs. 1,750
Calvet Reserve Saint Emilion 750ML*Rs. 2,100
Calvet Varietals Cabernet Sauvignon 750ML*Rs. 1,300
Calvet Varietals Chardonnay 750ML*Rs. 1,300
Calvet Varietals Merlot 750ML*Rs. 1,300
Calvet Varietals Sauvignon 750ML*Rs. 1,300
Calvet Varietals Syrah 750ML*Rs. 1,300
Campo Viejo Cava Brut Reserva 750ML*Rs. 2,190
Campo Viejo Cava Brut Rose 750ML*Rs. 2,300
Chateau Haut Mondain Bordeaux 750ML*Rs. 1,200
Chateau Moulin Blanc Bordeaux 750ML*Rs. 1,200
Cockburn's Fine Ruby Port 1L*Rs. 3,240
Cockburn's Fine White Port 1L*Rs. 3,240
Cockburn's Special Reserve Port 1L*Rs. 3,240
Divine Wine Sweet Red 4L*Rs. 2,095
Divine Wine White 4L*Rs. 2,095
Divine Wine White 750ML*Rs. 410
Dom Perignon Champagne 750ML*Rs. 22,800
Don Barroso Semi Sweet Red 750ML*Rs. 985
Baron d'Arignac Dry Red 750ML*Rs. 1,025
Baron d'Arignac Dry White 750ML*Rs. 1,025
Baron d'Arignac Rose 750ML*Rs. 1,025
Baron d'Arignac Sweet Red 750ML*Rs. 1,025
Baron d'Arignac Sweet White 750ML*Rs. 1,025
Barton & Guestier Beaujolais Villages 750ML*Rs. 2,830
Barton & Guestier Medoc 750ML*Rs. 2,830
Barton & Guestier Pinot Noir Reserve 750ML*Rs. 2,830
Barton & Guestier Rose D'Anjou 750ML*Rs. 2,830
Berri Estates Chardonnay 750ML*Rs. 1,175
Hardys Stamp Moscato White 750ML*Rs. 1,300
Hardys Stamp Riesling 750ML*Rs. 1,225
Hardys Stamp Shiraz Cabernet 750ML*Rs. 1,300
Hill & Dale Cabernet Sauvignon Shiraz 750ML*Rs. 1,555
Hill & Dale Chardonnay 750ML*Rs. 1,555
Hill & Dale Merlot 750ML*Rs. 1,555
Hill & Dale Pinotage 750ML*Rs. 1,555
Hinwa Sweet Red 4L*Rs. 2,025
Hinwa Sweet White 4L*Rs. 2,025
Hinwa Sweet White 750ML*Rs. 450
Indomita Varietal Cabernet Sauvignon 750ML*Rs. 1,095
Indomita Varietal Cabernet Sauvignon Rose 750ML*Rs. 1,095
Indomita Varietal Carmenere 750ML*Rs. 1,080
Indomita Varietal Merlot 750ML*Rs. 1,095
Indomita Varietal Sauvignon Blanc 750ML*Rs. 970
Jacob's Creek Cabernet Sauvignon 750ML*Rs. 1,400
Jacob's Creek Chardonnay 750ML*Rs. 1,400
Jacob's Creek Chardonnay Pinot Noir 750ML*Rs. 1,900
Jacob's Creek Grenache Shiraz 750ML*Rs. 1,400
Jacob's Creek Moscato 750ML*Rs. 1,400
Jacob's Creek Reserve Cabernet Sauvignon 750ML*Rs. 2,300
Jacob's Creek Reserve Chardonnay 750ML*Rs. 2,300
Jacob's Creek Reserve Pinot Noir 750ML*Rs. 2,485
Jacob's Creek Reserve Riesling 750ML*Rs. 2,400
Jacob's Creek Reserve Sauvignon Blanc 750ML*Rs. 2,300
Jacob's Creek Reserve Shiraz 750ML*Rs. 2,300
Jacob's Creek Riesling 750ML*Rs. 1,400
Jacob's Creek Semillon Chardonnay 750ML*Rs. 1,400
Jacob's Creek Shiraz Cabernet 750ML*Rs. 1,400
Jacob's Creek Shiraz Rose 750ML*Rs. 1,750
Bottega White Gold Spumante DOC 750ML*Rs. 3,870
Calvet Beaujolais 750ML*Rs. 1,650
Calvet Beaujolais Villages 750ML*Rs. 1,675
Calvet Bordeaux Merlot Cabernet Sauvignon 750ML*Rs. 1,350
Calvet Bordeaux Sauvignon Blanc 750ML*Rs. 1,350
Calvet Bourgogne Chardonnay 750ML*Rs. 2,100
Calvet Bourgogne Pinot Noir 750ML*Rs. 2,150
Calvet Chablis Grand Reserve 750ML*Rs. 3,250
Calvet Chateauneuf Du Pape 750ML*Rs. 3,900
Calvet Cotes Du Rhone 750ML*Rs. 1,475
Gato Negro Semi Sweet Red 750ML*Rs. 1,150
Gato Negro Semi Sweet White 750ML*Rs. 1,150
Hardys Nottage Hill Cabernet Sauvignon 750ML*Rs. 1,400
Hardys Nottage Hill Chardonnay 750ML*Rs. 1,400
Hardys Nottage Hill Merlot 750ML*Rs. 1,400
Hardys Nottage Hill Pinot Noir Chardonnay 750ML*Rs. 1,550
Hardys Nottage Hill Shiraz 750ML   *Rs. 1,400
Hardys Stamp Cabernet Merlot 750ML*Rs. 1,225
Hardys Stamp Chardonnay Pinot Noir Sparkling 750ML*Rs. 1,525
Hardys Stamp Chardonnay Semillon 750ML*Rs. 1,225
King's Hill Sweet White 4L*Rs. 2,450
King's Hill Sweet White 750ML*Rs. 580
Lindeman's Bin 25 Brut Cuvee Sparkling 750ML*Rs. 1,525
Lindeman's Bin 40 Merlot 750ML*Rs. 1,525
Lindeman's Bin 45 Cabernet Sauvignon 750ML*Rs. 1,600
Lindeman's Bin 50 Shiraz 750ML*Rs. 1,525
Lindeman's Bin 65 Chardonnay 750ML*Rs. 1,525
Lindeman's Bin 75 Riesling 750ML*Rs. 1,525
Lindeman's Bin 85 Pinot Grigio 750ML*Rs. 1,525
Lindeman's Bin 90 Moscato 750ML*Rs. 1,525
Campo Viejo Rioja Tempranillo 750ML*Rs. 2,190
Casillero del Diablo Cabernet Sauvignon 750ML*Rs. 1,575
Casillero Del Diablo Carmenere 750ML*Rs. 1,575
Casillero del Diablo Chardonnay 750ML*Rs. 1,575
Casillero del Diablo Merlot 750ML*Rs. 1,575
Cava Divino Oro Sparkling 750ML*Rs. 1,510
Chandon Brut 750ML*Rs. 2,660
Chandon Brut Rose 750ML*Rs. 2,475
Charton Moelleux Red 750ML*Rs. 860
Charton Moelleux White 750ML*Rs. 860
Don Barroso Semi Sweet White 750ML*Rs. 985
Dragon's Back Mountain Sweet Red 750ML*Rs. 950
Dulzino Sweet Moscato 750ML*Rs. 1,150
Dulzino Sweet Red 750ML*Rs. 1,150
Durbanville Hills Cabernet Sauvignon 750ML*Rs. 2,165
Durbanville Hills Chardonnay 750ML*Rs. 1,950
Durbanville Hills Merlot 750ML*Rs. 2,165
Durbanville Hills Pinotage 750ML*Rs. 2,165
Durbanville Hills Sauvignon Blanc 750ML*Rs. 1,950
El Chivo Merlot 750ML*Rs. 1,150
Jacob's Creek Sparkling Moscato 750ML*Rs. 1,970
JP Chenet Brut Sparkling 750ML*Rs. 1,375
JP Chenet Fashion Apple 750ML*Rs. 1,350
JP Chenet Fashion Litchi 750ML*Rs. 1,350
JP Chenet Fashion Peach 750ML*Rs. 1,350
JP Chenet Fashion Strawberry Raspberry 750ML*Rs. 1,350
JP Chenet Merlot 750ML*Rs. 1,325
JP Chenet Sweet Rose 750ML*Rs. 1,325
JP Chenet Sweet White 750ML*Rs. 1,325
King's Hill Sweet Red 4L*Rs. 2,450
OBiKWA Pinotage 750ML*Rs. 1,200
Palacio Del Campo Semi Sweet Red 750ML*Rs. 880
Palacio Del Campo Semi Sweet White 750ML*Rs. 880
Penfolds Koonunga Hill 76 Shiraz Cabernet 750ML*Rs. 2,425
Promesa Gran Reserva Cabernet Carmenere 750ML*Rs. 2,075
Promesa Gran Reserva Cabernet Syrah 750ML*Rs. 2,075
Promesa Reserva Carmenere 750ML*Rs. 1,365
Promesa Reserva Chardonnay 750ML*Rs. 1,365
Promesa Reserva Merlot 750ML*Rs. 1,365
Promesa Reserva Sauvignon Blanc 750ML*Rs. 1,365
Mark Davidson Sauvignon Blanc Semillon 750ML*Rs. 1,335
Mark Davidson Shiraz 750ML*Rs. 1,335
Miracle Mile Dry Red 750ML*Rs. 1,200
Miracle Mile Fruity White 750ML*Rs. 1,200
Miracle Mile Sweet Red 750ML*Rs. 1,200
Moet & Chandon Champagne 750ML*Rs. 7,400
Nederburg Winemasters Reserve Chardonnay 750ML*Rs. 2,080
Nederburg Winemasters Reserve Riesling 750ML*Rs. 2,080
Nederburg Winemasters Reserve Shiraz 750ML*Rs. 2,080
OBiKWA Chenin Blanc 750ML*Rs. 1,200
Promesa Reserva Syrah 750ML*Rs. 1,365
Rawson's Retreat Cabernet Sauvignon 750ML*Rs. 1,500
Rawson's Retreat Chardonnay 750ML*Rs. 1,500
Rawson's Retreat Merlot 750ML*Rs. 1,500
Robertson Winery Sweet White 750ML*Rs. 1,030
Rosemount Estate Chardonnay 750ML*Rs. 1,575
Rosemount Estate Shiraz 750ML*Rs. 1,575
SDU Deva Cabernet Sauvignon 750ML*Rs. 1,250
SDU Deva Syrah 750ML*Rs. 1,250
Sierramonte Sweet Red 750ML*Rs. 1,100
El Chivo Savignon Blanc 750ML*Rs. 1,150
Fleur Du Cap Cabernet Sauvignon 750ML*Rs. 2,150
Fleur du Cap Chardonnay 750ML*Rs. 2,150
Frontera Cabernet Sauvignon 750ML*Rs. 1,150
Frontera Chardonnay 750ML*Rs. 1,150
Frontera Merlot 750ML*Rs. 1,150
G.H. Mumm Champagne 3L*Rs. 28,275
G.H. Mumm Champagne 750ML*Rs. 7,100
Gato Negro Cabernet Sauvignon 750ML*Rs. 1,150
Gato Negro Chardonnay 750ML*Rs. 1,150
Longitud Reserva Carmenere 750ML*Rs. 1,365
Longitud Reserva Chardonnay 750ML*Rs. 1,365
Longitud Reserva Merlot 750ML*Rs. 1,365
Longitud Reserva Sauvignon Blanc 750ML*Rs. 1,365
Longitud Reserva Syrah 750ML*Rs. 1,365
Louis Eschenauer Merlot 750ML*Rs. 1,265
Louis Eschenauer Syrah 750ML*Rs. 1,265
Mark Davidson Cabernet Merlot 750ML*Rs. 1,335
Mark Davidson Chardonnay 750ML*Rs. 1,200
Mark Davidson Riesling 750ML*Rs. 1,200
Lindeman's Bin 95 Sauvignon Blanc 750ML*Rs. 1,525
Lindeman's Bin 99 Pinot Noir 750ML*Rs. 1,600
Lindeman's Cawarra Cabernet Merlot 750ML*Rs. 1,350
Lindeman's Cawarra Chardonnay 750ML*Rs. 1,275
Lindeman's Cawarra Merlot 750ML*Rs. 1,275
Lindeman's Cawarra Semillon Chardonnay 750ML*Rs. 1,275
Lindeman's Cawarra Shiraz Cabernet 750ML*Rs. 1,350
Lindeman's Porphyry Sweet White 750ML*Rs. 1,250
Longitud Grand Reserva Cabernet Carmenere 750ML*Rs. 2,075
Longitud Grand Reserva Cabernet Syrah 750ML*Rs. 2,075
Tisdale Pinot Noir 750ML*Rs. 1,360
Tisdale Shiraz 750ML*Rs. 1,360
Two Oceans Cabernet Sauvignon Merlot 750ML*Rs. 1,225
Two Oceans Sauvignon Blanc Sparkling 750ML*Rs. 1,890
Two Oceans Semillon Chardonnay 750ML*Rs. 1,225
Two Oceans Shiraz 750ML*Rs. 1,535
Two Oceans Shiraz Rose 750ML*Rs. 1,225
Valdouro Porto Ruby Port 750ML*Rs. 1,750
Valdouro Porto Tawny Red Port 750ML*Rs. 1,750
Valdouro Porto White Port 750ML*Rs. 1,750
Lindeman's Bin 46 Sweet Red 750ML*Rs. 1,350
Divine Wine Sweet Red 750ML*Rs. 410
Veuve Bonneval Champagne 750ML*Rs. 3,900
Sula Shiraz 750ML*Rs. 1,330
Sula Zinfandel Rose 750ML*Rs. 1,330
Tamburlaine Reserve Muscat Liqueur 750ML*Rs. 1,420
Tamburlaine Wine Lovers Shiraz 750ML*Rs. 1,640
Tapati Carmenere Reserva 750ML*Rs. 2,400
Thomas Barton Reserve Bordeaux 750ML*Rs. 2,830
Tisdale Cabernet Sauvignon 750ML*Rs. 1,360
Tisdale Chardonnay 750ML*Rs. 1,360
Tisdale Merlot 750ML*Rs. 1,360
Tisdale Pinot Grigio 750ML*Rs. 1,360
Sierramonte Sweet White 750ML*Rs. 1,100
Stanley Dolce Rosso Red 4L*Rs. 4,950
Stanley Fruity Lexia White 4L*Rs. 4,950
Sula Brut Sparkling 750ML*Rs. 1,950
Sula Brut Tropicale 750ML*Rs. 3,300
Sula Dindori Shiraz 750ML*Rs. 1,980
Sula Mosaic Chenin Sauvignon 750ML*Rs. 1,220
Sula Mosaic Grenache Syrah 750ML*Rs. 1,220
Sula Sauvignon Blanc 750ML*Rs. 1,330
Sula Seco 750ML*Rs. 1,330
Villa Cardini Bardolino 750ML*Rs. 1,225
Villa Cardini Chianti 750ML*Rs. 1,450
Villa Cardini Nero D'Avola 750ML*Rs. 1,350
Villa Cardini Sangiovese 750ML*Rs. 1,350
Villa Cardini Valpolicella 750ML*Rs. 1,450
Yealands Estate Pinot Noir 750ML*Rs. 2,515
Yealands Way Pinot Gris 750ML*Rs. 2,515
Gato Negro Merlot 750ML*Rs. 1,150
Himalaya Red 750ML*Rs. 1,450
Himalaya White 750ML*Rs. 1,450
Warsteiner Bottle 650ML*Rs. 295
Brewdog Punk IPA Can 330ML*Rs. 600
White Rhino India Pale Ale Bottle 330ML*Rs. 500
Arna Premium Can 500ML*Rs. 180
Bira 91 White Wheat Ale 330ML*Rs. 300
Hoegaarden White Beer Bottle 330ML*Rs. 340
White Rhino Wit Bottle 330ML*Rs. 385
Corona Extra Bottle 355ML*Rs. 350
Guinness Stout Can 330ML*Rs. 320
Sherpa Himalayan Red Can 500ML*Rs. 270
Brewdog Elvis Juice IPA Can 330ML*Rs. 600
Brewdog Indie IPA Can 330ML*Rs. 525
Budweiser 355ML x 24 Bottles*Rs. 6,385
Budweiser 473ML x 24 Cans*Rs. 8,200
Budweiser Can 473ML*Rs. 360
Carlsberg 500ML x 12 Cans*Rs. 2,900
Carlsberg 650ML x 12 Bottles*Rs. 4,075
Carlsberg Bottle 650ML*Rs. 350
Corona 355ML x 24 Bottles*Rs. 7,980
Everest 650ML x 12 Bottles*Rs. 3,300
Asahi Super Dry Bottle 330ML*Rs. 335
Singha Bottle 330ML*Rs. 335
Heineken Can 500ML*Rs. 395
Asahi Super Dry Can 330ML*Rs. 335
Carlsberg Can 500ML*Rs. 250
Tuborg Can 500ML*Rs. 240
Nepal Ice Natura Can 500ML*Rs. 205
Kingfisher Premium Can 500ML*Rs. 220
Kingfisher Strong Bottle 650ML*Rs. 265
Arna Extra Strong 500ML x 12 Cans*Rs. 2,220
Heineken Bottle 330ML*Rs. 280
Heineken Can 330ML*Rs. 280
Hoegaarden 330ML x 24 Bottles*Rs. 7,750
James Squire One Fifty Lashes Pale Ale 330ML*Rs. 435
James Squire One Fifty Lashes Pale Ale x 10 Cans*Rs. 4,180
James Squire Orchard Crush Apple Cider 330ML*Rs. 435
James Squire Orchard Crush Apple Cider x 10 Cans*Rs. 4,180
Kingfisher Premium Bottle 650ML*Rs. 305
Kingfisher Premium Bottle 650ML x 12 Bottles*Rs. 3,475
Kingfisher Premium Can 500ML x 12 Cans*Rs. 2,510
Arna Extra Strong 650ML x 12 Bottles*Rs. 2,850
Arna Extra Strong Bottle 650ML*Rs. 250
Arna Light 500ML x 12 Cans*Rs. 2,735
Arna Light 650ML x 12 Bottles*Rs. 3,535
Arna Light Bottle 650ML*Rs. 310
Arna Premium 650ML x 12 Bottles*Rs. 3,300
Arna Premium Can 500ML x 12 Cans*Rs. 2,050
Asahi 330ML x 24 Bottles*Rs. 7,640
Asahi 330ML x 24 Cans*Rs. 7,640
Bira 91 Blonde Lager 330ML*Rs. 300
Bira 91 Strong Wheat Ale 330ML*Rs. 300
Budweiser Bottle 355ML*Rs. 280
Kronenbourg 1664 Blanc Bottle 330ML*Rs. 300
Stella Artois Bottle 330ML*Rs. 340
Everest Bottle 650ML*Rs. 285
Somersby Apple Cider Bottle 250ML*Rs. 125
Tuborg Classic Premium Strong Bottle 650ML*Rs. 310
San Miguel Can 500ML*Rs. 190
Singha 330ML x 24 Bottles*Rs. 7,640
Singha 330ML x 24 Cans*Rs. 7,640
Singha Can 330ML*Rs. 335
Somersby 250ML x 12 Bottles*Rs. 1,455
Stella 330ML x 24 Bottles*Rs. 7,750
Tuborg 500ML x 12 Cans*Rs. 2,795
Tuborg 650ML x 12 Bottles*Rs. 3,785
Tuborg Bottle 650ML*Rs. 325
Tuborg Classic Premium Strong 650ML x 12 Bottles*Rs. 3,610
Warsteiner Bottle 330ML*Rs. 160
Warsteiner Bottle 330ML x 24 Bottles*Rs. 3,725
Warsteiner Bottle 650ML x 12 Bottles*Rs. 3,435
White Rhino Lager 330ML x 24 Bottles*Rs. 8,780
White Rhino Lager Bottle 330ML*Rs. 385
White Rhino Wit 330ML x 24 Bottles*Rs. 8,780
Arna Premium Bottle 650ML*Rs. 290
Arna Extra Strong Can 500ML*Rs. 195
Sherpa Craft Can 500ML*Rs. 265
Arna Light Can 500ML*Rs. 240
Kingfisher Strong Bottle 650ML x 12 Bottles*Rs. 3,020
Kingfisher Strong Can 500ML*Rs. 205
Kingfisher Strong Can 500ML x 12 Cans*Rs. 2,335
Kronenbourg 1664 Blanc 330ML x 24 Bottles*Rs. 6,985
Leffe Blonde 330ML x 24 Bottles*Rs. 7,750
Leffe Blonde Bottle 330ML*Rs. 340
Leffe Brune 330ML x 24 Bottles*Rs. 7,750
Leffe Brune Bottle 330ML*Rs. 340
Nepal Ice Magna 500ML x 12 Cans*Rs. 2,760
Nepal Ice Magna Can 500ML*Rs. 240
Gorkha 650ML x 12 Bottles*Rs. 3,490
Gorkha Bottle 650ML*Rs. 300
Gorkha Strong 500ML x 12 Cans*Rs. 2,200
Gorkha Strong 650ML x 12 Bottles*Rs. 2,900
Gorkha Strong Bottle 650ML*Rs. 250
Gorkha Strong Can 500ML*Rs. 190
Guinness Stout 330ML x 24 Cans*Rs. 7,370
Heineken 330ML x 24 Bottles*Rs. 6,450
Heineken 330ML x 24 Cans*Rs. 6,450
Heineken 500ML x 24 Cans*Rs. 9,100
Nepal Ice Natura 500ML x 12 Cans*Rs. 2,360
Nepal Ice Natura 650ML x 12 Bottles*Rs. 3,515
Nepal Ice Natura Bottle 650ML*Rs. 305
Nepal Ice Strong 500ML x 12 Cans*Rs. 2,300
Nepal Ice Strong 650ML x 12 Bottles*Rs. 2,940
Nepal Ice Strong Bottle 650ML*Rs. 255
Nepal Ice Strong Can 500ML*Rs. 200
San Miguel 500ML x 12 Cans*Rs. 2,190
San Miguel 650ML x 12 Bottles*Rs. 2,880
San Miguel Bottle 650ML*Rs. 250
Coke 2.25L*Rs. 200
Real Juice Cranberry 1L*Rs. 230
Kinley Water 1L*Rs. 25
Kinley Soda 500ML*Rs. 50
Red Bull 250ML*Rs. 85
Royal Club Tonic Water 330ML*Rs. 85
Royal Club Ginger Ale 330ML*Rs. 90
Girnar Detox Green Tea 10's*Rs. 200
Royal Club Soda Water 330ML*Rs. 85
Real Juice Mango 1L*Rs. 220
Girnar Instant Premix Express 10's*Rs. 250
Girnar Instant Premix Ginger 10's*Rs. 225
Girnar Instant Premix Lemongrass 10's*Rs. 250
Girnar Instant Premix Masala 10's*Rs. 225
Girnar Instant Premix Saffron 10's*Rs. 350
Real Activ Juice Apple 1L*Rs. 225
Real Activ Juice Mixed Fruit 1L*Rs. 225
Real Activ Juice Orange 1L*Rs. 225
Real Juice Apple 1L*Rs. 220
Real Juice Guava 1L*Rs. 215
Girnar Black Tea Elaichi (Cardamom) 25's*Rs. 190
Girnar Black Tea Kesari Masala 25's*Rs. 190
Girnar Black Tea Pudina (Mint) 25's*Rs. 190
Girnar Green Tea Cardamom 10's*Rs. 135
Girnar Green Tea Ginger 10's*Rs. 135
Girnar Green Tea Lemon & Honey 10's*Rs. 135
Girnar Green Tea Mint 10's*Rs. 135
Girnar Green Tea Tulsi 10's*Rs. 135
Girnar Instant Premix Cardamom 10's*Rs. 225
Girnar Instant Premix Cardamom-Saffron 10's*Rs. 310
Real Juice Litchi 1L*Rs. 220
Real Juice Mixed Fruit 1L*Rs. 230
Real Juice Orange 1L*Rs. 220
Real Juice Pineapple 1L*Rs. 220
Real Juice Pomegranate 1L*Rs. 215
Real Juice Tomato 1L*Rs. 205
Royal Club Bitter Lemon 330ML*Rs. 100
Coke Zero 500ML*Rs. 70
Aqua Hundred Water 1L*Rs. 30
Sprite 2.25L*Rs. 200
Singha Soda Water 325ML*Rs. 85
FALFULL 100% Natural Apple Juice 250ML*Rs. 150
FALFULL 100% Natural Apricot Juice 250ML*Rs. 150
Fanta 1.5L*Rs. 150
Fanta 2.25L*Rs. 200
Girnar Black Tea Adrak (Ginger) 25's*Rs. 190
Girnar Black Tea Assam 10's*Rs. 125
Girnar Black Tea Bombay 25's*Rs. 125
Girnar Black Tea Darjeeling 10's*Rs. 125
Luminarc Beer Mug Britannia 600ML - 15114*Rs. 150
Luminarc Beer Glass Martigues 320ML - G2593*Rs. 130
Luminarc Shot Glass 34ML - G2613*Rs. 55
Luminarc Whisky Glass Ascot 300ML - 45138*Rs. 100
Luminarc Whisky Glass Sterling 300ML - 53668*Rs. 100
Luminarc Wine Glass Flute 170ML - 11911*Rs. 120
Luminarc Wine Glass Elegance 190ML - 12055*Rs. 155
Luminarc Wine Glass Cognac 250ML - G2629*Rs. 170
Luminarc Whisky Glass Salto Ice Blue 320ML - J1584*Rs. 205
Luminarc Beer Mug Benidorm 450ML - H2894*Rs. 150
Arcoroc Beer Glass Nonic 570ML - G2620*Rs. 150
Luminarc Whisky Glass Octime Ice Blue 300ML L0519*Rs. 210
Luminarc Wine Glass Savoie 190ML - 11908*Rs. 130
Party Cup Clear 1's*Rs. 15
Party Cup Red 1's*Rs. 15
Monin Peach Syrup 700ML*Rs. 1,300
Monin Strawberry Syrup 700ML*Rs. 1,300
Monin Blue Curacao Syrup 1L*Rs. 1,700
Monin Grenadine Syrup 1L*Rs. 1,700
Monin Mojito Mint Syrup 1L*Rs. 1,700
Yale Ice Cube 1KG*Rs. 50
Dabur Honey 250G*Rs. 200
Monin Coconut Syrup 700ML*Rs. 1,300
Monin Curacao Triple Sec Syrup 700ML*Rs. 1,300
Monin Green Apple Syrup 700ML*Rs. 1,300
Monin Green Mint Syrup 700ML*Rs. 1,300
Monin Lemonade Concentrate Syrup 700ML*Rs. 1,300
Marlboro Red 20's*Rs. 230
Surya Kings Red 20's*Rs. 240
Surya Kings Red 10's*Rs. 120
Surya Kings Lights 20's*Rs. 240
Surya Kings Lights 10's*Rs. 120
Winston Regular 20's*Rs. 180
Surya 24 Carat Red 20's*Rs. 245
Surya 24 Carat Lights 20's*Rs. 245
Marlboro Lights 20's*Rs. 230
Shikhar Kings 20's*Rs. 130
Surya Polar Ice 20's*Rs. 240
Winston Lights 20's*Rs. 180
Warsteiner Bottle 650ML x 4 Bottles + 1 Glass Free*Rs. 1,180
Sherpa Craft Can 500ML Buy12 Get1*Rs. 3,180
Singha Bottle 330ML Buy1 Get1*Rs. 335
Budweiser Bottle 355ML Buy4 Get1*Rs. 1,120
Hoegaarden Bottle 330ML Buy4 Get1*Rs. 1,360
Glenmorangie Original 10yrs 750ML + 2 Glasses Free*Rs. 7,130
Somersby 250ML x 4 Bottles + 1 Tote Bag Free*Rs. 500
Ballantine's Finest 1L + 2 Glasses Free*Rs. 4,980
Jameson 750ML + 2 Glasses Free*Rs. 4,250
Bacardi Superior 750ML + Coke 1L & Mason Jar Free*Rs. 1,700
Sherpa Himalayan Red Can 500ML Buy12 Get1*Rs. 3,240
Chivas Regal 12yrs 1L + 1 Glass Free*Rs. 6,500
Tullamore Dew Irish 1L + 1 Flask Free*Rs. 6,140
Chivas Regal 12yrs 1L x 2Bottles + 1 Side Bag Free*Rs. 13,000
Heineken 330ML x 6 Cans + 2 Glasses Free*Rs. 1,680
Old Durbar Black Chimney 1L + 1 Glass Free*Rs. 3,700
8848 Vodka 750ML + 1 Glass Free*Rs. 1,525
Old Durbar Reserve 1L + 1 Glass Free*Rs. 2,700
Ballantine's 1L x 2 Bottles + 1 Side Bag Free*Rs. 9,960
Jose Cuervo Gold 750ML + 1 Shot Glass Free*Rs. 4,325
Heineken 500ML x 3 Cans + 1 Glass Free*Rs. 1,185
Grant's 1L x 2 Bottles + 1 Laptop Bag Free*Rs. 8,800
Jose Cuervo Silver 750ML + 1 Shot Glass Free*Rs. 4,100
Old Durbar Black Chimney 750ML + 1 Glass Free*Rs. 2,850
Old Durbar Reserve 750ML + 1 Glass Free*Rs. 2,080
Heineken 330ML x 6 Bottles + 2 Glasses Free*Rs. 1,680
